{
    "f1": 0.6348583877995643,
    "precision": 0.6645962732919255,
    "recall": 0.6734143049932525,
    "accuracy": 0.6888888888888889
}