{
    "f1": 0.7014522120905099,
    "precision": 0.8555555555555555,
    "recall": 0.7450980392156863,
    "accuracy": 0.7547169811320755
}