{
    "f1": 0.9305555555555555,
    "precision": 0.9487179487179488,
    "recall": 0.9259259259259259,
    "accuracy": 0.9333333333333333
}